<?xml version="1.0" encoding="UTF-8"?>
<CCFMappingStructure>
	<SFEE2CEEUserMapping>
		<mapping target="markphip" source="markphip" />
		<mapping target="karthi" source="karthi" />
		<mapping target="barathi" source="barathi" />
		<mapping target="pradeep" source="pradeep" />
		<mapping target="jonico" source="jonico" />
		<mapping target="mseethar" source="madhusuthanan" />
		<mapping target="gomathy" source="gomathy" />
		<mapping target="karthikeyan_ct" source="karthikeyan" />
		<mapping target="kavithas" source="kavitha" />
		<mapping target="rajeswari" source="rajeswari" />
		<mapping target="vinithra" source="vinithra" />
		<mapping target="madhu" source="madhu" />
		<mapping source="default" target="ccfconnector" />
	</SFEE2CEEUserMapping>
</CCFMappingStructure>