<?xml version="1.0" encoding="UTF-8"?>
<!DOCTYPE log4j:configuration SYSTEM "log4j.dtd">
<log4j:configuration xmlns:log4j="http://jakarta.apache.org/log4j/">
	<appender name="console" class="org.apache.log4j.ConsoleAppender">
		<param name="Threshold" value="INFO"/>
		<param name="Target" value="System.out"/>
		<layout class="org.apache.log4j.PatternLayout">
			<param name="ConversionPattern" value="%-5p %d{ISO8601} [%t] (%F:%L) - %m%n"/>
		</layout>
	</appender>
	<appender name="R" class="org.apache.log4j.RollingFileAppender">
		<param name="File" value="logs/ccf-debug.log"/>
		<param name="MaxFileSize" value="10240KB"/>
		<param name="MaxBackupIndex" value="10"/>
		<layout class="org.apache.log4j.PatternLayout">
			<param name="ConversionPattern" value="%-5p %d{ISO8601} %t %c - %m%n"/>
		</layout>
	</appender>
	<appender name="ErrorNotifier" class="org.apache.log4j.net.SMTPAppender">
		<param name="Threshold" value="ERROR"/>
		<param name="To" value="madhusuthanan@collab.net"/>
		<param name="From" value="madhusuthanan@collab.net"/>
		<param name="SMTPHost" value="maa-exchmb.maa.corp.collab.net"/>
		<param name="BufferSize" value="100"/>
		<param name="Subject" value="CCF Error Notification"/>
		<layout class="org.apache.log4j.PatternLayout">
			<param name="ConversionPattern" value="%-5p %d{ISO8601} - %m%n"/>
		</layout>
	</appender>
	<appender name="ConflictNotifier" class="org.apache.log4j.net.SMTPAppender">
		<param name="Threshold" value="WARN"/>
		<param name="To" value="madhusuthanan@collab.net"/>
		<param name="From" value="madhusuthanan@collab.net"/>
		<param name="SMTPHost" value="maa-exchmb.maa.corp.collab.net"/>
		<param name="BufferSize" value="100"/>
		<param name="Subject" value="CCF Conflict Notification"/>
		<layout class="org.apache.log4j.PatternLayout">
			<param name="ConversionPattern" value="%-5p %d{ISO8601} - %m%n"/>
		</layout>
	</appender>
	<appender name="HospitalNotifier" class="org.apache.log4j.net.SMTPAppender">
		<param name="Threshold" value="WARN"/>
		<param name="To" value="madhusuthanan@collab.net"/>
		<param name="From" value="madhusuthanan@collab.net"/>
		<param name="SMTPHost" value="maa-exchmb.maa.corp.collab.net"/>
		<param name="BufferSize" value="100"/>
		<param name="Subject" value="CCF Hospital Notification"/>
		<layout class="org.apache.log4j.PatternLayout">
			<param name="ConversionPattern" value="%-5p %d{ISO8601} - %m%n"/>
		</layout>
	</appender>
	
	<category name="com.collabnet" additivity="false">
    	<level value="DEBUG"/>
		<appender-ref ref="console" />
		<appender-ref ref="R" />
<!--		<appender-ref ref="ErrorNotifier" />-->
  	</category>
  	
  	<category name="com.collabnet.ccf.core.hospital" additivity="false">
    	<level value="DEBUG"/>
    		<appender-ref ref="console" />
			<appender-ref ref="R" />
<!--		<appender-ref ref="HospitalNotifier" />-->
  	</category>
  	
  	<category name="com.collabnet.ccf.core.conflict.resolution" additivity="false">
    	<level value="DEBUG"/>
    	<appender-ref ref="R" />
    	<appender-ref ref="console" />
<!--		<appender-ref ref="ConflictNotifier" />-->
  	</category>
  	
  	<category name="org.openadaptor" additivity="false">
    	<level value="ERROR"/>
    	<appender-ref ref="R" />
    	<appender-ref ref="console" />
  	</category>
  	
  	<category name="org.springframework" additivity="false">
    	<level value="ERROR"/>
    	<appender-ref ref="R" />
    	<appender-ref ref="console" />
  	</category>
  	
	<root>
		<priority value="info"/>
		<appender-ref ref="console"/>
		<appender-ref ref="R"/>
	</root>

</log4j:configuration>