<?xml version="1.0" encoding="UTF-8" standalone="no"?><fieldMappingTemplateList><fieldMappingTemplate><name>Default Mapping Rules QC Defect to TF Tracker Item</name><direction>REVERSE</direction><kind>MAPPING_RULES</kind><rules><name>artifactAction</name><source>artifactAction</source><sourceIsTopLevelAttribute>true</sourceIsTopLevelAttribute><target>artifactAction</target><targetIsTopLevelAttribute>true</targetIsTopLevelAttribute><type>DIRECT_FIELD</type></rules><rules><name>artifactMode</name><source>artifactMode</source><sourceIsTopLevelAttribute>true</sourceIsTopLevelAttribute><target>artifactMode</target><targetIsTopLevelAttribute>true</targetIsTopLevelAttribute><type>DIRECT_FIELD</type></rules><rules><name>description</name><source>BG_DESCRIPTION</source><sourceIsTopLevelAttribute>false</sourceIsTopLevelAttribute><target>description</target><targetIsTopLevelAttribute>false</targetIsTopLevelAttribute><type>DIRECT_FIELD</type></rules><rules><name>title</name><source>BG_SUMMARY</source><sourceIsTopLevelAttribute>false</sourceIsTopLevelAttribute><target>title</target><targetIsTopLevelAttribute>false</targetIsTopLevelAttribute><type>DIRECT_FIELD</type></rules><rules><name>priority</name><source>BG_PRIORITY</source><sourceIsTopLevelAttribute>false</sourceIsTopLevelAttribute><target>priority</target><targetIsTopLevelAttribute>false</targetIsTopLevelAttribute><type>DIRECT_VALUE_MAP</type><valueMapName>qc defect priority</valueMapName></rules><rules><condition>not($input = '')</condition><name>actualHours</name><source>BG_ACTUAL_FIX_TIME</source><sourceIsTopLevelAttribute>false</sourceIsTopLevelAttribute><target>actualHours</target><targetIsTopLevelAttribute>false</targetIsTopLevelAttribute><type>CONDITIONAL_FIELD</type><xmlContent>0</xmlContent></rules><rules><condition>not($input = '')</condition><name>estimatedHours</name><source>BG_ESTIMATED_FIX_TIME</source><sourceIsTopLevelAttribute>false</sourceIsTopLevelAttribute><target>estimatedHours</target><targetIsTopLevelAttribute>false</targetIsTopLevelAttribute><type>CONDITIONAL_FIELD</type><xmlContent>0</xmlContent></rules><rules><name>CommentText</name><source>BG_DEV_COMMENTS</source><sourceIsTopLevelAttribute>false</sourceIsTopLevelAttribute><target>CommentText</target><targetIsTopLevelAttribute>false</targetIsTopLevelAttribute><type>DIRECT_FIELD</type></rules><rules><source>source</source><sourceIsTopLevelAttribute>false</sourceIsTopLevelAttribute><target>target</target><targetIsTopLevelAttribute>false</targetIsTopLevelAttribute><type>TARGET_REPOSITORY_LAYOUT</type><xmlContent>&lt;?xml version="1.0" encoding="UTF-8"?&gt;
&lt;artifact xmlns="http://ccf.open.collab.net/GenericArtifactV1.0" artifactAction="create" artifactMode="complete" artifactType="plainArtifact" includesFieldMetaData="true" sourceArtifactLastModifiedDate="unknown" targetArtifactLastModifiedDate="unknown" errorCode="unknown" sourceArtifactVersion="unknown" targetArtifactVersion="unknown" conflictResolutionPriority="unknown" sourceArtifactId="unknown" sourceRepositoryId="unknown" sourceRepositoryKind="unknown" sourceSystemId="unknown" sourceSystemKind="unknown" targetArtifactId="unknown" targetRepositoryId="unknown" targetRepositoryKind="unknown" targetSystemId="unknown" targetSystemKind="unknown" sourceSystemTimezone="unknown" targetSystemTimezone="unknown" transactionId="unknown" xmlns:xsi="http://www.w3.org/2001/XMLSchema-instance" xsi:schemaLocation="http://ccf.open.collab.net/GenericArtifactV1.0 http://ccf.open.collab.net/files/documents/177/1972/genericartifactschema.xsd"&gt;&lt;field fieldAction="replace" fieldName="actualHours" fieldType="mandatoryField" fieldValueHasChanged="true" minOccurs="0" maxOccurs="1" nullValueSupported="false" alternativeFieldName="actualHours" fieldValueType="Integer" fieldValueIsNull="false"&gt;actualHours (mandatoryField / INTEGER)
&lt;/field&gt;&lt;field fieldAction="replace" fieldName="estimatedHours" fieldType="mandatoryField" fieldValueHasChanged="true" minOccurs="0" maxOccurs="1" nullValueSupported="false" alternativeFieldName="estimatedHours" fieldValueType="Integer" fieldValueIsNull="false"&gt;estimatedHours (mandatoryField / INTEGER)
&lt;/field&gt;&lt;field fieldAction="replace" fieldName="remainingEffort" fieldType="mandatoryField" fieldValueHasChanged="true" minOccurs="0" maxOccurs="1" nullValueSupported="false" alternativeFieldName="remainingEffort" fieldValueType="Integer" fieldValueIsNull="false"&gt;remainingEffort (mandatoryField / INTEGER)
&lt;/field&gt;&lt;field fieldAction="replace" fieldName="planningFolder" fieldType="mandatoryField" fieldValueHasChanged="true" minOccurs="0" maxOccurs="1" nullValueSupported="true" alternativeFieldName="planningFolder" fieldValueType="String" fieldValueIsNull="false"&gt;planningFolder (mandatoryField / STRING)
&lt;/field&gt;&lt;field fieldAction="replace" fieldName="autosumming" fieldType="mandatoryField" fieldValueHasChanged="true" minOccurs="0" maxOccurs="1" nullValueSupported="false" alternativeFieldName="autosumming" fieldValueType="Boolean" fieldValueIsNull="false"&gt;autosumming (mandatoryField / BOOLEAN)
 Values: [ 'false', 'true' ]&lt;/field&gt;&lt;field fieldAction="replace" fieldName="points" fieldType="mandatoryField" fieldValueHasChanged="true" minOccurs="0" maxOccurs="1" nullValueSupported="true" alternativeFieldName="points" fieldValueType="Integer" fieldValueIsNull="false"&gt;points (mandatoryField / INTEGER)
&lt;/field&gt;&lt;field fieldAction="replace" fieldName="assignedTo" fieldType="mandatoryField" fieldValueHasChanged="true" minOccurs="0" maxOccurs="1" nullValueSupported="true" alternativeFieldName="assignedTo" fieldValueType="User" fieldValueIsNull="false"&gt;assignedTo (mandatoryField / USER)
&lt;/field&gt;&lt;field fieldAction="replace" fieldName="category" fieldType="mandatoryField" fieldValueHasChanged="true" minOccurs="0" maxOccurs="1" nullValueSupported="true" alternativeFieldName="category" fieldValueType="String" fieldValueIsNull="false"&gt;category (mandatoryField / STRING)
&lt;/field&gt;&lt;field fieldAction="replace" fieldName="closeDate" fieldType="mandatoryField" fieldValueHasChanged="true" minOccurs="0" maxOccurs="1" nullValueSupported="true" alternativeFieldName="closeDate" fieldValueType="DateTime" fieldValueIsNull="false"&gt;closeDate (mandatoryField / DATETIME)
&lt;/field&gt;&lt;field fieldAction="replace" fieldName="customer" fieldType="mandatoryField" fieldValueHasChanged="true" minOccurs="0" maxOccurs="1" nullValueSupported="false" alternativeFieldName="customer" fieldValueType="String" fieldValueIsNull="false"&gt;customer (mandatoryField / STRING)
&lt;/field&gt;&lt;field fieldAction="replace" fieldName="description" fieldType="mandatoryField" fieldValueHasChanged="true" minOccurs="0" maxOccurs="1" nullValueSupported="false" alternativeFieldName="description" fieldValueType="String" fieldValueIsNull="false"&gt;description (mandatoryField / STRING)
&lt;/field&gt;&lt;field fieldAction="replace" fieldName="group" fieldType="mandatoryField" fieldValueHasChanged="true" minOccurs="0" maxOccurs="1" nullValueSupported="false" alternativeFieldName="group" fieldValueType="String" fieldValueIsNull="false"&gt;group (mandatoryField / STRING)
&lt;/field&gt;&lt;field fieldAction="replace" fieldName="priority" fieldType="mandatoryField" fieldValueHasChanged="true" minOccurs="0" maxOccurs="1" nullValueSupported="false" alternativeFieldName="priority" fieldValueType="Integer" fieldValueIsNull="false"&gt;priority (mandatoryField / INTEGER)
 Values: [ '0', '1', '2', '3', '4', '5' ]&lt;/field&gt;&lt;field fieldAction="replace" fieldName="reportedReleaseId" fieldType="mandatoryField" fieldValueHasChanged="true" minOccurs="0" maxOccurs="1" nullValueSupported="true" alternativeFieldName="reportedReleaseId" fieldValueType="String" fieldValueIsNull="false"&gt;reportedReleaseId (mandatoryField / STRING)
&lt;/field&gt;&lt;field fieldAction="replace" fieldName="resolvedReleaseId" fieldType="mandatoryField" fieldValueHasChanged="true" minOccurs="0" maxOccurs="1" nullValueSupported="true" alternativeFieldName="resolvedReleaseId" fieldValueType="String" fieldValueIsNull="false"&gt;resolvedReleaseId (mandatoryField / STRING)
&lt;/field&gt;&lt;field fieldAction="replace" fieldName="status" fieldType="mandatoryField" fieldValueHasChanged="true" minOccurs="0" maxOccurs="1" nullValueSupported="false" alternativeFieldName="status" fieldValueType="String" fieldValueIsNull="false"&gt;status (mandatoryField / STRING)
 Values: [ 'Closed', 'Open', 'Pending' ]&lt;/field&gt;&lt;field fieldAction="replace" fieldName="statusClass" fieldType="mandatoryField" fieldValueHasChanged="true" minOccurs="0" maxOccurs="1" nullValueSupported="false" alternativeFieldName="statusClass" fieldValueType="String" fieldValueIsNull="false"&gt;statusClass (mandatoryField / STRING)
&lt;/field&gt;&lt;field fieldAction="replace" fieldName="folderId" fieldType="mandatoryField" fieldValueHasChanged="true" minOccurs="0" maxOccurs="1" nullValueSupported="false" alternativeFieldName="folderId" fieldValueType="String" fieldValueIsNull="false"&gt;folderId (mandatoryField / STRING)
&lt;/field&gt;&lt;field fieldAction="replace" fieldName="path" fieldType="mandatoryField" fieldValueHasChanged="true" minOccurs="0" maxOccurs="1" nullValueSupported="false" alternativeFieldName="path" fieldValueType="String" fieldValueIsNull="false"&gt;path (mandatoryField / STRING)
&lt;/field&gt;&lt;field fieldAction="replace" fieldName="title" fieldType="mandatoryField" fieldValueHasChanged="true" minOccurs="0" maxOccurs="1" nullValueSupported="false" alternativeFieldName="title" fieldValueType="String" fieldValueIsNull="false"&gt;title (mandatoryField / STRING)
&lt;/field&gt;&lt;field fieldAction="replace" fieldName="createdBy" fieldType="mandatoryField" fieldValueHasChanged="true" minOccurs="0" maxOccurs="1" nullValueSupported="false" alternativeFieldName="createdBy" fieldValueType="User" fieldValueIsNull="false"&gt;createdBy (mandatoryField / USER)
&lt;/field&gt;&lt;field fieldAction="replace" fieldName="createdDate" fieldType="mandatoryField" fieldValueHasChanged="true" minOccurs="0" maxOccurs="1" nullValueSupported="false" alternativeFieldName="createdDate" fieldValueType="DateTime" fieldValueIsNull="false"&gt;createdDate (mandatoryField / DATETIME)
&lt;/field&gt;&lt;field fieldAction="replace" fieldName="id" fieldType="mandatoryField" fieldValueHasChanged="true" minOccurs="0" maxOccurs="1" nullValueSupported="false" alternativeFieldName="id" fieldValueType="String" fieldValueIsNull="false"&gt;id (mandatoryField / STRING)
&lt;/field&gt;&lt;field fieldAction="replace" fieldName="lastModifiedBy" fieldType="mandatoryField" fieldValueHasChanged="true" minOccurs="0" maxOccurs="1" nullValueSupported="false" alternativeFieldName="lastModifiedBy" fieldValueType="User" fieldValueIsNull="false"&gt;lastModifiedBy (mandatoryField / USER)
&lt;/field&gt;&lt;field fieldAction="replace" fieldName="lastModifiedDate" fieldType="mandatoryField" fieldValueHasChanged="true" minOccurs="0" maxOccurs="1" nullValueSupported="false" alternativeFieldName="lastModifiedDate" fieldValueType="DateTime" fieldValueIsNull="false"&gt;lastModifiedDate (mandatoryField / DATETIME)
&lt;/field&gt;&lt;field fieldAction="replace" fieldName="version" fieldType="mandatoryField" fieldValueHasChanged="true" minOccurs="0" maxOccurs="1" nullValueSupported="false" alternativeFieldName="version" fieldValueType="String" fieldValueIsNull="false"&gt;version (mandatoryField / STRING)
&lt;/field&gt;&lt;field fieldAction="replace" fieldName="Comment Text" fieldType="flexField" fieldValueHasChanged="true" minOccurs="0" maxOccurs="unbounded" nullValueSupported="false" alternativeFieldName="CommentText" fieldValueType="String" fieldValueIsNull="false"&gt;This field contains the comments of TF.&lt;/field&gt;&lt;/artifact&gt;</xmlContent></rules><rules><source>source</source><sourceIsTopLevelAttribute>false</sourceIsTopLevelAttribute><target>target</target><targetIsTopLevelAttribute>false</targetIsTopLevelAttribute><type>SOURCE_REPOSITORY_LAYOUT</type><xmlContent>&lt;?xml version="1.0" encoding="UTF-8"?&gt;
&lt;artifact xmlns="http://ccf.open.collab.net/GenericArtifactV1.0" artifactAction="create" artifactMode="complete" artifactType="plainArtifact" includesFieldMetaData="true" sourceArtifactLastModifiedDate="unknown" targetArtifactLastModifiedDate="unknown" errorCode="unknown" sourceArtifactVersion="unknown" targetArtifactVersion="unknown" conflictResolutionPriority="unknown" sourceArtifactId="unknown" sourceRepositoryId="unknown" sourceRepositoryKind="unknown" sourceSystemId="unknown" sourceSystemKind="unknown" targetArtifactId="unknown" targetRepositoryId="unknown" targetRepositoryKind="unknown" targetSystemId="unknown" targetSystemKind="unknown" sourceSystemTimezone="unknown" targetSystemTimezone="unknown" transactionId="unknown" xmlns:xsi="http://www.w3.org/2001/XMLSchema-instance" xsi:schemaLocation="http://ccf.open.collab.net/GenericArtifactV1.0 http://ccf.open.collab.net/files/documents/177/1972/genericartifactschema.xsd"&gt;&lt;field fieldAction="replace" fieldName="BG_ACTUAL_FIX_TIME" fieldType="flexField" fieldValueHasChanged="true" minOccurs="0" maxOccurs="1" nullValueSupported="true" alternativeFieldName="BG_ACTUAL_FIX_TIME" fieldValueType="Integer" fieldValueIsNull="false"&gt;Actual Fix Time (INTEGER)
&lt;/field&gt;&lt;field fieldAction="replace" fieldName="BG_BUG_ID" fieldType="flexField" fieldValueHasChanged="true" minOccurs="0" maxOccurs="1" nullValueSupported="true" alternativeFieldName="BG_BUG_ID" fieldValueType="Integer" fieldValueIsNull="false"&gt;Defect ID (INTEGER)
&lt;/field&gt;&lt;field fieldAction="replace" fieldName="BG_CLOSING_DATE" fieldType="flexField" fieldValueHasChanged="true" minOccurs="0" maxOccurs="1" nullValueSupported="true" alternativeFieldName="BG_CLOSING_DATE" fieldValueType="Date" fieldValueIsNull="false"&gt;Closing Date (DATE)
&lt;/field&gt;&lt;field fieldAction="replace" fieldName="BG_CLOSING_VERSION" fieldType="flexField" fieldValueHasChanged="true" minOccurs="0" maxOccurs="1" nullValueSupported="true" alternativeFieldName="BG_CLOSING_VERSION" fieldValueType="String" fieldValueIsNull="false"&gt;Closed in Version (STRING)
&lt;/field&gt;&lt;field fieldAction="replace" fieldName="BG_DESCRIPTION" fieldType="flexField" fieldValueHasChanged="true" minOccurs="0" maxOccurs="1" nullValueSupported="true" alternativeFieldName="BG_DESCRIPTION" fieldValueType="HTMLString" fieldValueIsNull="false"&gt;Description (HTMLSTRING)
&lt;/field&gt;&lt;field fieldAction="replace" fieldName="BG_DETECTED_BY" fieldType="flexField" fieldValueHasChanged="true" minOccurs="0" maxOccurs="1" nullValueSupported="true" alternativeFieldName="BG_DETECTED_BY" fieldValueType="User" fieldValueIsNull="false"&gt;Detected By (USER)
&lt;/field&gt;&lt;field fieldAction="replace" fieldName="BG_DETECTED_IN_RCYC" fieldType="flexField" fieldValueHasChanged="true" minOccurs="0" maxOccurs="1" nullValueSupported="true" alternativeFieldName="BG_DETECTED_IN_RCYC" fieldValueType="Integer" fieldValueIsNull="false"&gt;Detected in Cycle (INTEGER)
&lt;/field&gt;&lt;field fieldAction="replace" fieldName="BG_DETECTED_IN_RCYC_HUMAN_READABLE" fieldType="flexField" fieldValueHasChanged="true" minOccurs="0" maxOccurs="1" nullValueSupported="true" alternativeFieldName="BG_DETECTED_IN_RCYC_HUMAN_READABLE" fieldValueType="String" fieldValueIsNull="false"&gt;Detected in Cycle [READ-ONLY] (STRING)
&lt;/field&gt;&lt;field fieldAction="replace" fieldName="BG_DETECTED_IN_REL" fieldType="flexField" fieldValueHasChanged="true" minOccurs="0" maxOccurs="1" nullValueSupported="true" alternativeFieldName="BG_DETECTED_IN_REL" fieldValueType="Integer" fieldValueIsNull="false"&gt;Detected in Release (INTEGER)
&lt;/field&gt;&lt;field fieldAction="replace" fieldName="BG_DETECTED_IN_REL_HUMAN_READABLE" fieldType="flexField" fieldValueHasChanged="true" minOccurs="0" maxOccurs="1" nullValueSupported="true" alternativeFieldName="BG_DETECTED_IN_REL_HUMAN_READABLE" fieldValueType="String" fieldValueIsNull="false"&gt;Detected in Release [READ-ONLY] (STRING)
&lt;/field&gt;&lt;field fieldAction="replace" fieldName="BG_DETECTION_DATE" fieldType="flexField" fieldValueHasChanged="true" minOccurs="0" maxOccurs="1" nullValueSupported="true" alternativeFieldName="BG_DETECTION_DATE" fieldValueType="Date" fieldValueIsNull="false"&gt;Detected on Date (DATE)
&lt;/field&gt;&lt;field fieldAction="replace" fieldName="BG_DETECTION_VERSION" fieldType="flexField" fieldValueHasChanged="true" minOccurs="0" maxOccurs="1" nullValueSupported="true" alternativeFieldName="BG_DETECTION_VERSION" fieldValueType="String" fieldValueIsNull="false"&gt;Detected in Version (STRING)
&lt;/field&gt;&lt;field fieldAction="append" fieldName="BG_DEV_COMMENTS" fieldType="flexField" fieldValueHasChanged="true" minOccurs="0" maxOccurs="1" nullValueSupported="true" alternativeFieldName="BG_DEV_COMMENTS" fieldValueType="HTMLString" fieldValueIsNull="false"&gt;Comments (HTMLSTRING)
&lt;/field&gt;&lt;field fieldAction="replace" fieldName="BG_ESTIMATED_FIX_TIME" fieldType="flexField" fieldValueHasChanged="true" minOccurs="0" maxOccurs="1" nullValueSupported="true" alternativeFieldName="BG_ESTIMATED_FIX_TIME" fieldValueType="Integer" fieldValueIsNull="false"&gt;Estimated Fix Time (INTEGER)
&lt;/field&gt;&lt;field fieldAction="replace" fieldName="BG_PLANNED_CLOSING_VER" fieldType="flexField" fieldValueHasChanged="true" minOccurs="0" maxOccurs="1" nullValueSupported="true" alternativeFieldName="BG_PLANNED_CLOSING_VER" fieldValueType="String" fieldValueIsNull="false"&gt;Planned Closing Version (STRING)
&lt;/field&gt;&lt;field fieldAction="replace" fieldName="BG_PRIORITY" fieldType="flexField" fieldValueHasChanged="true" minOccurs="0" maxOccurs="1" nullValueSupported="true" alternativeFieldName="BG_PRIORITY" fieldValueType="String" fieldValueIsNull="false"&gt;Priority (STRING)
 Values: [ '1-Low', '2-Medium', '3-High', '4-Very High', '5-Urgent' ]&lt;/field&gt;&lt;field fieldAction="replace" fieldName="BG_PROJECT" fieldType="flexField" fieldValueHasChanged="true" minOccurs="0" maxOccurs="1" nullValueSupported="true" alternativeFieldName="BG_PROJECT" fieldValueType="String" fieldValueIsNull="false"&gt;Project (STRING)
&lt;/field&gt;&lt;field fieldAction="replace" fieldName="BG_REPRODUCIBLE" fieldType="flexField" fieldValueHasChanged="true" minOccurs="0" maxOccurs="1" nullValueSupported="true" alternativeFieldName="BG_REPRODUCIBLE" fieldValueType="String" fieldValueIsNull="false"&gt;Reproducible (STRING)
 Values: [ 'N', 'Y' ]&lt;/field&gt;&lt;field fieldAction="replace" fieldName="BG_RESPONSIBLE" fieldType="flexField" fieldValueHasChanged="true" minOccurs="0" maxOccurs="1" nullValueSupported="true" alternativeFieldName="BG_RESPONSIBLE" fieldValueType="User" fieldValueIsNull="false"&gt;Assigned To (USER)
&lt;/field&gt;&lt;field fieldAction="replace" fieldName="BG_SEVERITY" fieldType="flexField" fieldValueHasChanged="true" minOccurs="0" maxOccurs="1" nullValueSupported="true" alternativeFieldName="BG_SEVERITY" fieldValueType="String" fieldValueIsNull="false"&gt;Severity (STRING)
 Values: [ '1-Low', '2-Medium', '3-High', '4-Very High', '5-Urgent' ]&lt;/field&gt;&lt;field fieldAction="replace" fieldName="BG_STATUS" fieldType="flexField" fieldValueHasChanged="true" minOccurs="0" maxOccurs="1" nullValueSupported="true" alternativeFieldName="BG_STATUS" fieldValueType="String" fieldValueIsNull="false"&gt;Status (STRING)
 Values: [ 'Closed', 'Fixed', 'New', 'Open', 'Rejected', 'Reopen' ]&lt;/field&gt;&lt;field fieldAction="replace" fieldName="BG_SUBJECT" fieldType="flexField" fieldValueHasChanged="true" minOccurs="0" maxOccurs="1" nullValueSupported="true" alternativeFieldName="BG_SUBJECT" fieldValueType="Integer" fieldValueIsNull="false"&gt;Subject (INTEGER)
&lt;/field&gt;&lt;field fieldAction="replace" fieldName="BG_SUMMARY" fieldType="flexField" fieldValueHasChanged="true" minOccurs="0" maxOccurs="1" nullValueSupported="true" alternativeFieldName="BG_SUMMARY" fieldValueType="String" fieldValueIsNull="false"&gt;Summary (STRING)
&lt;/field&gt;&lt;field fieldAction="replace" fieldName="BG_TARGET_RCYC" fieldType="flexField" fieldValueHasChanged="true" minOccurs="0" maxOccurs="1" nullValueSupported="true" alternativeFieldName="BG_TARGET_RCYC" fieldValueType="Integer" fieldValueIsNull="false"&gt;Target Cycle (INTEGER)
&lt;/field&gt;&lt;field fieldAction="replace" fieldName="BG_TARGET_RCYC_HUMAN_READABLE" fieldType="flexField" fieldValueHasChanged="true" minOccurs="0" maxOccurs="1" nullValueSupported="true" alternativeFieldName="BG_TARGET_RCYC_HUMAN_READABLE" fieldValueType="String" fieldValueIsNull="false"&gt;Target Cycle [READ-ONLY] (STRING)
&lt;/field&gt;&lt;field fieldAction="replace" fieldName="BG_TARGET_REL" fieldType="flexField" fieldValueHasChanged="true" minOccurs="0" maxOccurs="1" nullValueSupported="true" alternativeFieldName="BG_TARGET_REL" fieldValueType="Integer" fieldValueIsNull="false"&gt;Target Release (INTEGER)
&lt;/field&gt;&lt;field fieldAction="replace" fieldName="BG_TARGET_REL_HUMAN_READABLE" fieldType="flexField" fieldValueHasChanged="true" minOccurs="0" maxOccurs="1" nullValueSupported="true" alternativeFieldName="BG_TARGET_REL_HUMAN_READABLE" fieldValueType="String" fieldValueIsNull="false"&gt;Target Release [READ-ONLY] (STRING)
&lt;/field&gt;&lt;field fieldAction="replace" fieldName="BG_USER_01" fieldType="flexField" fieldValueHasChanged="true" minOccurs="0" maxOccurs="1" nullValueSupported="true" alternativeFieldName="BG_USER_01" fieldValueType="String" fieldValueIsNull="false"&gt;My user defined field (STRING)
&lt;/field&gt;&lt;field fieldAction="replace" fieldName="BG_VTS" fieldType="flexField" fieldValueHasChanged="true" minOccurs="0" maxOccurs="1" nullValueSupported="true" alternativeFieldName="BG_VTS" fieldValueType="String" fieldValueIsNull="false"&gt;Modified (STRING)
&lt;/field&gt;&lt;field fieldAction="unknown" fieldName="LAST_MODIFIED_USER" fieldType="flexField" fieldValueHasChanged="true" minOccurs="1" maxOccurs="1" nullValueSupported="false" alternativeFieldName="LAST_MODIFIED_USER" fieldValueType="String" fieldValueIsNull="false"&gt;user that performed the last modification&lt;/field&gt;&lt;/artifact&gt;</xmlContent></rules><rules><name>status</name><source>BG_STATUS</source><sourceIsTopLevelAttribute>false</sourceIsTopLevelAttribute><target>status</target><targetIsTopLevelAttribute>false</targetIsTopLevelAttribute><type>DIRECT_VALUE_MAP</type><valueMapName>status</valueMapName></rules><valueMaps><name>qc defect priority</name><defaultValue>5</defaultValue><hasDefault>true</hasDefault><entries><source>1-Low</source><target>5</target></entries><entries><source>2-Medium</source><target>4</target></entries><entries><source>3-High</source><target>3</target></entries><entries><source>4-Very High</source><target>2</target></entries><entries><source>5-Urgent</source><target>1</target></entries></valueMaps><valueMaps><name>status</name><defaultValue>Open</defaultValue><hasDefault>true</hasDefault><entries><source>Closed</source><target>Closed</target></entries><entries><source>Open</source><target>Open</target></entries><entries><source>New</source><target>Open</target></entries><entries><source>Reopen</source><target>Open</target></entries><entries><source>Fixed</source><target>Closed</target></entries><entries><source>Rejected</source><target>Pending</target></entries></valueMaps></fieldMappingTemplate></fieldMappingTemplateList>