<?xml version="1.0" encoding="UTF-8" standalone="no"?><fieldMappingTemplateList><fieldMappingTemplate><name>Default Mapping Rules TF Planning Folder to QC Requirement</name><direction>FORWARD</direction><kind>MAPPING_RULES</kind><rules><condition>not($input = 'update' or $input = 'resync')</condition><name>artifactAction</name><source>artifactAction</source><sourceIsTopLevelAttribute>true</sourceIsTopLevelAttribute><target>artifactAction</target><targetIsTopLevelAttribute>true</targetIsTopLevelAttribute><type>CONDITIONAL_CONSTANT</type><xmlContent>ignore</xmlContent></rules><rules><name>artifactMode</name><source>artifactMode</source><sourceIsTopLevelAttribute>true</sourceIsTopLevelAttribute><target>artifactMode</target><targetIsTopLevelAttribute>true</targetIsTopLevelAttribute><type>DIRECT_FIELD</type></rules><rules><name>RQ_REQ_NAME</name><source>title</source><sourceIsTopLevelAttribute>false</sourceIsTopLevelAttribute><target>RQ_REQ_NAME</target><targetIsTopLevelAttribute>false</targetIsTopLevelAttribute><type>DIRECT_FIELD</type></rules><rules><name>RQ_REQ_COMMENT</name><source>description</source><sourceIsTopLevelAttribute>false</sourceIsTopLevelAttribute><target>RQ_REQ_COMMENT</target><targetIsTopLevelAttribute>false</targetIsTopLevelAttribute><type>DIRECT_FIELD</type></rules><rules><source>source</source><sourceIsTopLevelAttribute>false</sourceIsTopLevelAttribute><target>target</target><targetIsTopLevelAttribute>false</targetIsTopLevelAttribute><type>SOURCE_REPOSITORY_LAYOUT</type><xmlContent>&lt;?xml version="1.0" encoding="UTF-8"?&gt;
&lt;artifact xmlns="http://ccf.open.collab.net/GenericArtifactV1.0" artifactAction="create" artifactMode="complete" artifactType="plainArtifact" includesFieldMetaData="true" sourceArtifactLastModifiedDate="unknown" targetArtifactLastModifiedDate="unknown" errorCode="unknown" sourceArtifactVersion="unknown" targetArtifactVersion="unknown" conflictResolutionPriority="unknown" sourceArtifactId="unknown" sourceRepositoryId="unknown" sourceRepositoryKind="unknown" sourceSystemId="unknown" sourceSystemKind="unknown" targetArtifactId="unknown" targetRepositoryId="unknown" targetRepositoryKind="unknown" targetSystemId="unknown" targetSystemKind="unknown" sourceSystemTimezone="unknown" targetSystemTimezone="unknown" transactionId="unknown" xmlns:xsi="http://www.w3.org/2001/XMLSchema-instance" xsi:schemaLocation="http://ccf.open.collab.net/GenericArtifactV1.0 http://ccf.open.collab.net/files/documents/177/1972/genericartifactschema.xsd"&gt;&lt;field fieldAction="replace" fieldName="startDate" fieldType="mandatoryField" fieldValueHasChanged="true" minOccurs="0" maxOccurs="1" nullValueSupported="true" alternativeFieldName="startDate" fieldValueType="Date" fieldValueIsNull="false"&gt;startDate (mandatoryField / DATE)
&lt;/field&gt;&lt;field fieldAction="replace" fieldName="endDate" fieldType="mandatoryField" fieldValueHasChanged="true" minOccurs="0" maxOccurs="1" nullValueSupported="true" alternativeFieldName="endDate" fieldValueType="Date" fieldValueIsNull="false"&gt;endDate (mandatoryField / DATE)
&lt;/field&gt;&lt;field fieldAction="replace" fieldName="title" fieldType="mandatoryField" fieldValueHasChanged="true" minOccurs="0" maxOccurs="1" nullValueSupported="false" alternativeFieldName="title" fieldValueType="String" fieldValueIsNull="false"&gt;title (mandatoryField / STRING)
&lt;/field&gt;&lt;field fieldAction="replace" fieldName="description" fieldType="mandatoryField" fieldValueHasChanged="true" minOccurs="0" maxOccurs="1" nullValueSupported="false" alternativeFieldName="description" fieldValueType="String" fieldValueIsNull="false"&gt;description (mandatoryField / STRING)
&lt;/field&gt;&lt;field fieldAction="replace" fieldName="path" fieldType="mandatoryField" fieldValueHasChanged="true" minOccurs="0" maxOccurs="1" nullValueSupported="false" alternativeFieldName="path" fieldValueType="String" fieldValueIsNull="false"&gt;path (mandatoryField / STRING)
&lt;/field&gt;&lt;field fieldAction="replace" fieldName="projectId" fieldType="mandatoryField" fieldValueHasChanged="true" minOccurs="0" maxOccurs="1" nullValueSupported="false" alternativeFieldName="projectId" fieldValueType="String" fieldValueIsNull="false"&gt;projectId (mandatoryField / STRING)
&lt;/field&gt;&lt;field fieldAction="replace" fieldName="parentFolderId" fieldType="mandatoryField" fieldValueHasChanged="true" minOccurs="0" maxOccurs="1" nullValueSupported="true" alternativeFieldName="parentFolderId" fieldValueType="String" fieldValueIsNull="false"&gt;parentFolderId (mandatoryField / STRING)
&lt;/field&gt;&lt;field fieldAction="replace" fieldName="createdBy" fieldType="mandatoryField" fieldValueHasChanged="true" minOccurs="0" maxOccurs="1" nullValueSupported="false" alternativeFieldName="createdBy" fieldValueType="User" fieldValueIsNull="false"&gt;createdBy (mandatoryField / USER)
&lt;/field&gt;&lt;field fieldAction="replace" fieldName="createdDate" fieldType="mandatoryField" fieldValueHasChanged="true" minOccurs="0" maxOccurs="1" nullValueSupported="false" alternativeFieldName="createdDate" fieldValueType="DateTime" fieldValueIsNull="false"&gt;createdDate (mandatoryField / DATETIME)
&lt;/field&gt;&lt;field fieldAction="replace" fieldName="id" fieldType="mandatoryField" fieldValueHasChanged="true" minOccurs="0" maxOccurs="1" nullValueSupported="false" alternativeFieldName="id" fieldValueType="String" fieldValueIsNull="false"&gt;id (mandatoryField / STRING)
&lt;/field&gt;&lt;field fieldAction="replace" fieldName="lastModifiedBy" fieldType="mandatoryField" fieldValueHasChanged="true" minOccurs="0" maxOccurs="1" nullValueSupported="false" alternativeFieldName="lastModifiedBy" fieldValueType="User" fieldValueIsNull="false"&gt;lastModifiedBy (mandatoryField / USER)
&lt;/field&gt;&lt;field fieldAction="replace" fieldName="lastModifiedDate" fieldType="mandatoryField" fieldValueHasChanged="true" minOccurs="0" maxOccurs="1" nullValueSupported="false" alternativeFieldName="lastModifiedDate" fieldValueType="DateTime" fieldValueIsNull="false"&gt;lastModifiedDate (mandatoryField / DATETIME)
&lt;/field&gt;&lt;field fieldAction="replace" fieldName="version" fieldType="mandatoryField" fieldValueHasChanged="true" minOccurs="0" maxOccurs="1" nullValueSupported="false" alternativeFieldName="version" fieldValueType="String" fieldValueIsNull="false"&gt;version (mandatoryField / STRING)
&lt;/field&gt;&lt;field fieldAction="replace" fieldName="status" fieldType="mandatoryField" fieldValueHasChanged="true" minOccurs="0" maxOccurs="1" nullValueSupported="false" alternativeFieldName="status" fieldValueType="String" fieldValueIsNull="false"&gt;status (mandatoryField / STRING)
 Values: [ 'Closed', 'In progress', 'Not Started' ]&lt;/field&gt;&lt;field fieldAction="replace" fieldName="statusClass" fieldType="mandatoryField" fieldValueHasChanged="true" minOccurs="0" maxOccurs="1" nullValueSupported="false" alternativeFieldName="statusClass" fieldValueType="String" fieldValueIsNull="false"&gt;statusClass (mandatoryField / STRING)
&lt;/field&gt;&lt;field fieldAction="replace" fieldName="capacity" fieldType="mandatoryField" fieldValueHasChanged="true" minOccurs="0" maxOccurs="1" nullValueSupported="true" alternativeFieldName="capacity" fieldValueType="Integer" fieldValueIsNull="false"&gt;capacity (mandatoryField / INTEGER)
&lt;/field&gt;&lt;field fieldAction="replace" fieldName="releaseId" fieldType="mandatoryField" fieldValueHasChanged="true" minOccurs="0" maxOccurs="1" nullValueSupported="true" alternativeFieldName="releaseId" fieldValueType="String" fieldValueIsNull="false"&gt;releaseId (mandatoryField / STRING)
&lt;/field&gt;&lt;/artifact&gt;</xmlContent></rules><rules><source>source</source><sourceIsTopLevelAttribute>false</sourceIsTopLevelAttribute><target>target</target><targetIsTopLevelAttribute>false</targetIsTopLevelAttribute><type>TARGET_REPOSITORY_LAYOUT</type><xmlContent>&lt;?xml version="1.0" encoding="UTF-8"?&gt;
&lt;artifact xmlns="http://ccf.open.collab.net/GenericArtifactV1.0" artifactAction="create" artifactMode="complete" artifactType="plainArtifact" includesFieldMetaData="true" sourceArtifactLastModifiedDate="unknown" targetArtifactLastModifiedDate="unknown" errorCode="unknown" sourceArtifactVersion="unknown" targetArtifactVersion="unknown" conflictResolutionPriority="unknown" sourceArtifactId="unknown" sourceRepositoryId="unknown" sourceRepositoryKind="unknown" sourceSystemId="unknown" sourceSystemKind="unknown" targetArtifactId="unknown" targetRepositoryId="unknown" targetRepositoryKind="unknown" targetSystemId="unknown" targetSystemKind="unknown" sourceSystemTimezone="unknown" targetSystemTimezone="unknown" transactionId="unknown" xmlns:xsi="http://www.w3.org/2001/XMLSchema-instance" xsi:schemaLocation="http://ccf.open.collab.net/GenericArtifactV1.0 http://ccf.open.collab.net/files/documents/177/1972/genericartifactschema.xsd"&gt;&lt;field fieldAction="append" fieldName="RQ_DEV_COMMENTS" fieldType="flexField" fieldValueHasChanged="true" minOccurs="0" maxOccurs="1" nullValueSupported="true" alternativeFieldName="RQ_DEV_COMMENTS" fieldValueType="HTMLString" fieldValueIsNull="false"&gt;Comments (HTMLSTRING)
&lt;/field&gt;&lt;field fieldAction="replace" fieldName="RQ_FATHER_NAME" fieldType="flexField" fieldValueHasChanged="true" minOccurs="0" maxOccurs="1" nullValueSupported="true" alternativeFieldName="RQ_FATHER_NAME" fieldValueType="String" fieldValueIsNull="false"&gt;Req Parent (STRING)
&lt;/field&gt;&lt;field fieldAction="replace" fieldName="RQ_RBT_BSNS_IMPACT" fieldType="flexField" fieldValueHasChanged="true" minOccurs="0" maxOccurs="1" nullValueSupported="true" alternativeFieldName="RQ_RBT_BSNS_IMPACT" fieldValueType="String" fieldValueIsNull="false"&gt;RBQM business impact (STRING)
 Values: [ 'A', 'B', 'C' ]&lt;/field&gt;&lt;field fieldAction="replace" fieldName="RQ_RBT_CUSTOM_BSNS_IMPACT" fieldType="flexField" fieldValueHasChanged="true" minOccurs="0" maxOccurs="1" nullValueSupported="true" alternativeFieldName="RQ_RBT_CUSTOM_BSNS_IMPACT" fieldValueType="String" fieldValueIsNull="false"&gt;RBQM custom business impact (STRING)
 Values: [ 'A', 'B', 'C' ]&lt;/field&gt;&lt;field fieldAction="replace" fieldName="RQ_RBT_CUSTOM_FAIL_PROB" fieldType="flexField" fieldValueHasChanged="true" minOccurs="0" maxOccurs="1" nullValueSupported="true" alternativeFieldName="RQ_RBT_CUSTOM_FAIL_PROB" fieldValueType="String" fieldValueIsNull="false"&gt;RBQM custom failure probability (STRING)
 Values: [ '1', '2', '3' ]&lt;/field&gt;&lt;field fieldAction="replace" fieldName="RQ_RBT_CUSTOM_FUNC_CMPLX" fieldType="flexField" fieldValueHasChanged="true" minOccurs="0" maxOccurs="1" nullValueSupported="true" alternativeFieldName="RQ_RBT_CUSTOM_FUNC_CMPLX" fieldValueType="String" fieldValueIsNull="false"&gt;RBQM custom Functional Complexity (STRING)
 Values: [ '1', '2', '3' ]&lt;/field&gt;&lt;field fieldAction="replace" fieldName="RQ_RBT_CUSTOM_RISK" fieldType="flexField" fieldValueHasChanged="true" minOccurs="0" maxOccurs="1" nullValueSupported="true" alternativeFieldName="RQ_RBT_CUSTOM_RISK" fieldValueType="String" fieldValueIsNull="false"&gt;RBQM custom Risk (STRING)
 Values: [ 'A', 'B', 'C' ]&lt;/field&gt;&lt;field fieldAction="replace" fieldName="RQ_RBT_CUSTOM_TESTING_HOURS" fieldType="flexField" fieldValueHasChanged="true" minOccurs="0" maxOccurs="1" nullValueSupported="true" alternativeFieldName="RQ_RBT_CUSTOM_TESTING_HOURS" fieldValueType="Integer" fieldValueIsNull="false"&gt;RBQM custom testing hours (INTEGER)
&lt;/field&gt;&lt;field fieldAction="replace" fieldName="RQ_RBT_CUSTOM_TESTING_LEVEL" fieldType="flexField" fieldValueHasChanged="true" minOccurs="0" maxOccurs="1" nullValueSupported="true" alternativeFieldName="RQ_RBT_CUSTOM_TESTING_LEVEL" fieldValueType="String" fieldValueIsNull="false"&gt;RBQM custom testing level (STRING)
 Values: [ '1-Full', '2-Partial', '3-Basic', '4-None' ]&lt;/field&gt;&lt;field fieldAction="replace" fieldName="RQ_RBT_EFFECTIVE_BSNS_IMPACT" fieldType="flexField" fieldValueHasChanged="true" minOccurs="0" maxOccurs="1" nullValueSupported="true" alternativeFieldName="RQ_RBT_EFFECTIVE_BSNS_IMPACT" fieldValueType="String" fieldValueIsNull="false"&gt;RBQM effective business impact (STRING)
 Values: [ 'A', 'B', 'C' ]&lt;/field&gt;&lt;field fieldAction="replace" fieldName="RQ_RBT_EFFECTIVE_FAIL_PROB" fieldType="flexField" fieldValueHasChanged="true" minOccurs="0" maxOccurs="1" nullValueSupported="true" alternativeFieldName="RQ_RBT_EFFECTIVE_FAIL_PROB" fieldValueType="String" fieldValueIsNull="false"&gt;RBQM effective failure probability (STRING)
 Values: [ '1', '2', '3' ]&lt;/field&gt;&lt;field fieldAction="replace" fieldName="RQ_RBT_EFFECTIVE_FUNC_CMPLX" fieldType="flexField" fieldValueHasChanged="true" minOccurs="0" maxOccurs="1" nullValueSupported="true" alternativeFieldName="RQ_RBT_EFFECTIVE_FUNC_CMPLX" fieldValueType="String" fieldValueIsNull="false"&gt;RBQM effective Functional Complexity (STRING)
 Values: [ '1', '2', '3' ]&lt;/field&gt;&lt;field fieldAction="replace" fieldName="RQ_RBT_EFFECTIVE_RISK" fieldType="flexField" fieldValueHasChanged="true" minOccurs="0" maxOccurs="1" nullValueSupported="true" alternativeFieldName="RQ_RBT_EFFECTIVE_RISK" fieldValueType="String" fieldValueIsNull="false"&gt;RBQM effective Risk (STRING)
 Values: [ 'A', 'B', 'C' ]&lt;/field&gt;&lt;field fieldAction="replace" fieldName="RQ_RBT_FAIL_PROB" fieldType="flexField" fieldValueHasChanged="true" minOccurs="0" maxOccurs="1" nullValueSupported="true" alternativeFieldName="RQ_RBT_FAIL_PROB" fieldValueType="String" fieldValueIsNull="false"&gt;RBQM failure probability (STRING)
 Values: [ '1', '2', '3' ]&lt;/field&gt;&lt;field fieldAction="replace" fieldName="RQ_RBT_FUNC_CMPLX" fieldType="flexField" fieldValueHasChanged="true" minOccurs="0" maxOccurs="1" nullValueSupported="true" alternativeFieldName="RQ_RBT_FUNC_CMPLX" fieldValueType="String" fieldValueIsNull="false"&gt;RBQM Functional Complexity (STRING)
 Values: [ '1', '2', '3' ]&lt;/field&gt;&lt;field fieldAction="replace" fieldName="RQ_RBT_IGNORE_IN_ANALYSIS" fieldType="flexField" fieldValueHasChanged="true" minOccurs="0" maxOccurs="1" nullValueSupported="true" alternativeFieldName="RQ_RBT_IGNORE_IN_ANALYSIS" fieldValueType="String" fieldValueIsNull="false"&gt;RBQM Exclude from analysis (STRING)
 Values: [ 'N', 'Y' ]&lt;/field&gt;&lt;field fieldAction="replace" fieldName="RQ_RBT_LAST_ANALYSIS_DATE" fieldType="flexField" fieldValueHasChanged="true" minOccurs="0" maxOccurs="1" nullValueSupported="true" alternativeFieldName="RQ_RBT_LAST_ANALYSIS_DATE" fieldValueType="String" fieldValueIsNull="false"&gt;RBQM Date of last Analysis (STRING)
&lt;/field&gt;&lt;field fieldAction="replace" fieldName="RQ_RBT_RISK" fieldType="flexField" fieldValueHasChanged="true" minOccurs="0" maxOccurs="1" nullValueSupported="true" alternativeFieldName="RQ_RBT_RISK" fieldValueType="String" fieldValueIsNull="false"&gt;RBQM Risk (STRING)
 Values: [ 'A', 'B', 'C' ]&lt;/field&gt;&lt;field fieldAction="replace" fieldName="RQ_RBT_RND_ESTIM_EFFORT_HOURS" fieldType="flexField" fieldValueHasChanged="true" minOccurs="0" maxOccurs="1" nullValueSupported="true" alternativeFieldName="RQ_RBT_RND_ESTIM_EFFORT_HOURS" fieldValueType="Integer" fieldValueIsNull="false"&gt;RBQM estimated RnD effort (INTEGER)
&lt;/field&gt;&lt;field fieldAction="replace" fieldName="RQ_RBT_TESTING_HOURS" fieldType="flexField" fieldValueHasChanged="true" minOccurs="0" maxOccurs="1" nullValueSupported="true" alternativeFieldName="RQ_RBT_TESTING_HOURS" fieldValueType="Integer" fieldValueIsNull="false"&gt;RBQM testing hours (INTEGER)
&lt;/field&gt;&lt;field fieldAction="replace" fieldName="RQ_RBT_TESTING_LEVEL" fieldType="flexField" fieldValueHasChanged="true" minOccurs="0" maxOccurs="1" nullValueSupported="true" alternativeFieldName="RQ_RBT_TESTING_LEVEL" fieldValueType="String" fieldValueIsNull="false"&gt;RBQM testing level (STRING)
 Values: [ '1-Full', '2-Partial', '3-Basic', '4-None' ]&lt;/field&gt;&lt;field fieldAction="replace" fieldName="RQ_RBT_USE_CUSTOM_BSNS_IMPACT" fieldType="flexField" fieldValueHasChanged="true" minOccurs="0" maxOccurs="1" nullValueSupported="true" alternativeFieldName="RQ_RBT_USE_CUSTOM_BSNS_IMPACT" fieldValueType="String" fieldValueIsNull="false"&gt;RBQM use custom business impact (STRING)
 Values: [ 'N', 'Y' ]&lt;/field&gt;&lt;field fieldAction="replace" fieldName="RQ_RBT_USE_CUSTOM_FAIL_PROB" fieldType="flexField" fieldValueHasChanged="true" minOccurs="0" maxOccurs="1" nullValueSupported="true" alternativeFieldName="RQ_RBT_USE_CUSTOM_FAIL_PROB" fieldValueType="String" fieldValueIsNull="false"&gt;RBQM use custom failure probability (STRING)
 Values: [ 'N', 'Y' ]&lt;/field&gt;&lt;field fieldAction="replace" fieldName="RQ_RBT_USE_CUSTOM_FUNC_CMPLX" fieldType="flexField" fieldValueHasChanged="true" minOccurs="0" maxOccurs="1" nullValueSupported="true" alternativeFieldName="RQ_RBT_USE_CUSTOM_FUNC_CMPLX" fieldValueType="String" fieldValueIsNull="false"&gt;RBQM use custom Functional Complexity (STRING)
 Values: [ 'N', 'Y' ]&lt;/field&gt;&lt;field fieldAction="replace" fieldName="RQ_RBT_USE_CUSTOM_RISK" fieldType="flexField" fieldValueHasChanged="true" minOccurs="0" maxOccurs="1" nullValueSupported="true" alternativeFieldName="RQ_RBT_USE_CUSTOM_RISK" fieldValueType="String" fieldValueIsNull="false"&gt;RBQM use custom Risk (STRING)
 Values: [ 'N', 'Y' ]&lt;/field&gt;&lt;field fieldAction="replace" fieldName="RQ_RBT_USE_CUSTOM_TL_AND_TE" fieldType="flexField" fieldValueHasChanged="true" minOccurs="0" maxOccurs="1" nullValueSupported="true" alternativeFieldName="RQ_RBT_USE_CUSTOM_TL_AND_TE" fieldValueType="String" fieldValueIsNull="false"&gt;RBQM use custom results (STRING)
 Values: [ 'N', 'Y' ]&lt;/field&gt;&lt;field fieldAction="replace" fieldName="RQ_REQ_AUTHOR" fieldType="flexField" fieldValueHasChanged="true" minOccurs="0" maxOccurs="1" nullValueSupported="true" alternativeFieldName="RQ_REQ_AUTHOR" fieldValueType="User" fieldValueIsNull="false"&gt;Author (USER)
&lt;/field&gt;&lt;field fieldAction="replace" fieldName="RQ_REQ_COMMENT" fieldType="flexField" fieldValueHasChanged="true" minOccurs="0" maxOccurs="1" nullValueSupported="true" alternativeFieldName="RQ_REQ_COMMENT" fieldValueType="HTMLString" fieldValueIsNull="false"&gt;Description (HTMLSTRING)
&lt;/field&gt;&lt;field fieldAction="replace" fieldName="RQ_REQ_DATE" fieldType="flexField" fieldValueHasChanged="true" minOccurs="0" maxOccurs="1" nullValueSupported="true" alternativeFieldName="RQ_REQ_DATE" fieldValueType="Date" fieldValueIsNull="false"&gt;Creation Date (DATE)
&lt;/field&gt;&lt;field fieldAction="replace" fieldName="RQ_REQ_ID" fieldType="flexField" fieldValueHasChanged="true" minOccurs="0" maxOccurs="1" nullValueSupported="true" alternativeFieldName="RQ_REQ_ID" fieldValueType="Integer" fieldValueIsNull="false"&gt;Req ID (INTEGER)
&lt;/field&gt;&lt;field fieldAction="replace" fieldName="RQ_REQ_NAME" fieldType="flexField" fieldValueHasChanged="true" minOccurs="0" maxOccurs="1" nullValueSupported="true" alternativeFieldName="RQ_REQ_NAME" fieldValueType="String" fieldValueIsNull="false"&gt;Name (STRING)
&lt;/field&gt;&lt;field fieldAction="replace" fieldName="RQ_REQ_PRIORITY" fieldType="flexField" fieldValueHasChanged="true" minOccurs="0" maxOccurs="1" nullValueSupported="true" alternativeFieldName="RQ_REQ_PRIORITY" fieldValueType="String" fieldValueIsNull="false"&gt;Priority (STRING)
 Values: [ '1-Low', '2-Medium', '3-High', '4-Very High', '5-Urgent' ]&lt;/field&gt;&lt;field fieldAction="replace" fieldName="RQ_REQ_PRODUCT" fieldType="flexField" fieldValueHasChanged="true" minOccurs="0" maxOccurs="1" nullValueSupported="true" alternativeFieldName="RQ_REQ_PRODUCT" fieldValueType="String" fieldValueIsNull="false"&gt;Product (STRING)
&lt;/field&gt;&lt;field fieldAction="replace" fieldName="RQ_REQ_REVIEWED" fieldType="flexField" fieldValueHasChanged="true" minOccurs="0" maxOccurs="1" nullValueSupported="true" alternativeFieldName="RQ_REQ_REVIEWED" fieldValueType="String" fieldValueIsNull="false"&gt;Reviewed (STRING)
 Values: [ 'Not Reviewed', 'Reviewed' ]&lt;/field&gt;&lt;field fieldAction="replace" fieldName="RQ_REQ_RICH_CONTENT" fieldType="flexField" fieldValueHasChanged="true" minOccurs="0" maxOccurs="1" nullValueSupported="true" alternativeFieldName="RQ_REQ_RICH_CONTENT" fieldValueType="HTMLString" fieldValueIsNull="false"&gt;Rich Text (HTMLSTRING)
&lt;/field&gt;&lt;field fieldAction="replace" fieldName="RQ_REQ_STATUS" fieldType="flexField" fieldValueHasChanged="true" minOccurs="0" maxOccurs="1" nullValueSupported="true" alternativeFieldName="RQ_REQ_STATUS" fieldValueType="String" fieldValueIsNull="false"&gt;Direct Cover Status (STRING)
 Values: [ 'Blocked', 'Failed', 'N/A', 'No Run', 'Not Completed', 'Not Covered', 'Passed' ]&lt;/field&gt;&lt;field fieldAction="replace" fieldName="RQ_REQ_TIME" fieldType="flexField" fieldValueHasChanged="true" minOccurs="0" maxOccurs="1" nullValueSupported="true" alternativeFieldName="RQ_REQ_TIME" fieldValueType="String" fieldValueIsNull="false"&gt;Creation Time (STRING)
&lt;/field&gt;&lt;field fieldAction="replace" fieldName="RQ_TARGET_RCYC" fieldType="flexField" fieldValueHasChanged="true" minOccurs="0" maxOccurs="unbounded" nullValueSupported="true" alternativeFieldName="RQ_TARGET_RCYC" fieldValueType="Integer" fieldValueIsNull="false"&gt;Target Cycle (INTEGER)
 Values: [ '1001 (Release 3 &amp;gt; 3.1)', '1002 (Release 2 &amp;gt; 2.1)', '1003 (Release 1 &amp;gt; 1.1)', '1004 (Release 1 &amp;gt; 1.2)' ]&lt;/field&gt;&lt;field fieldAction="replace" fieldName="RQ_TARGET_RCYC_HUMAN_READABLE" fieldType="flexField" fieldValueHasChanged="true" minOccurs="0" maxOccurs="unbounded" nullValueSupported="true" alternativeFieldName="RQ_TARGET_RCYC_HUMAN_READABLE" fieldValueType="String" fieldValueIsNull="false"&gt;Target Cycle [READ-ONLY] (STRING)
 Values: [ '1.1', '1.2', '2.1', '3.1' ]&lt;/field&gt;&lt;field fieldAction="replace" fieldName="RQ_TARGET_REL" fieldType="flexField" fieldValueHasChanged="true" minOccurs="0" maxOccurs="unbounded" nullValueSupported="true" alternativeFieldName="RQ_TARGET_REL" fieldValueType="Integer" fieldValueIsNull="false"&gt;Target Release (INTEGER)
 Values: [ '1001 (Release 1)', '1002 (Release 2)', '1003 (Release 3)', '1004 (1.0)' ]&lt;/field&gt;&lt;field fieldAction="replace" fieldName="RQ_TARGET_REL_HUMAN_READABLE" fieldType="flexField" fieldValueHasChanged="true" minOccurs="0" maxOccurs="unbounded" nullValueSupported="true" alternativeFieldName="RQ_TARGET_REL_HUMAN_READABLE" fieldValueType="String" fieldValueIsNull="false"&gt;Target Release [READ-ONLY] (STRING)
 Values: [ '1.0', 'Release 1', 'Release 2', 'Release 3' ]&lt;/field&gt;&lt;field fieldAction="replace" fieldName="RQ_TYPE_ID" fieldType="flexField" fieldValueHasChanged="true" minOccurs="0" maxOccurs="1" nullValueSupported="true" alternativeFieldName="RQ_TYPE_ID" fieldValueType="String" fieldValueIsNull="false"&gt;Requirement Type (STRING)
&lt;/field&gt;&lt;field fieldAction="replace" fieldName="RQ_VTS" fieldType="flexField" fieldValueHasChanged="true" minOccurs="0" maxOccurs="1" nullValueSupported="true" alternativeFieldName="RQ_VTS" fieldValueType="String" fieldValueIsNull="false"&gt;Modified (STRING)
&lt;/field&gt;&lt;/artifact&gt;</xmlContent></rules></fieldMappingTemplate></fieldMappingTemplateList>