<?xml version="1.0" encoding="UTF-8" standalone="yes"?>
<ccfCorePropertyList>
	<!-- 
		value, name, labelName and systemkind are currently mandatory attribute for ccfcoreproperty element.
			name and value is key-value for the properties
			systemKind currently represents QC/SWP 
			lableName is the display name for connector properties in JSP
		 
		direction attribute is not required; property without direction attribute is considered for both direction- FORWARD/REVERSE   
			Example :<ccfcoreproperty category="coreSettings" systemKind="QC" value="1000" name="ccf.direction.sleepinterval" labelName="SleepInterval"/>
			
		category attribute is not required; property without category is considered by default as Miscellaneous category
			Example :<ccfcoreproperty systemKind="QC" value="1000" name="ccf.direction.sleepinterval" labelName="SleepInterval"/>
		
		toolTip attribute is not required; property without toolTip will not have help info displayed in the UI.
			Example :<ccfcoreproperty category="coreSettings" systemKind="QC" value="21600" name="ccf.direction.autorestartperiod" labelName="AutoRestartPeriod"
			toolTip="Time (in seconds) before CCF Core restarts automatically to avoid integration driver memory leak and clear global caches."/>
		
		type attribute is not required;value for this attribute represents exact data type expected for the Property defined in Config2.xml.
		Currently for type attribute supported values are INTEGER, BOOLEAN and STRING  
			Example :<ccfcoreproperty systemKind="QC" type="INTEGER" value="1000" name="ccf.direction.sleepinterval" labelName="SleepInterval"/>
	-->

	<!-- QC config properties -->
	<ccfcoreproperty category="coreSettings" systemKind="QC" type="INTEGER" value="1000" name="ccf.direction.sleepinterval" labelName="Sleep Interval" toolTip="Time to sleep (in milliseconds) before starting a new poll requests if no outstanding artifacts are in the synch queue."/>
	<ccfcoreproperty category="coreSettings" systemKind="QC" type="INTEGER" value="21600" name="ccf.direction.autorestartperiod" labelName="Auto RestartPeriod" toolTip="Time (in seconds) before CCF Core restarts automatically to avoid integration driver memory leak and clear global caches."/>
	<ccfcoreproperty category="coreSettings" systemKind="QC" type="INTEGER" value="8" name="ccf.direction.identityMapEventWaitCount" labelName="IdentityMapEvent WaitCount" toolTip="Determines how often an artifact is looked up in the identity mapping table before giving up.| Increase this value if you encounter problems with initial artifact resynch."/>
	<ccfcoreproperty category="coreSettings" systemKind="QC" type="INTEGER" value="500" name="ccf.direction.identityMapEventWaitTime" labelName="IdentityMapEvent WaitTime" toolTip="Determines how long(in milliseconds) to pause between identity mapping lookup requests| if corresponding artifact could not be found although artifact action was set to resynch.|Increase this value if you encounter problems with initial artifact resynch."/>
	<ccfcoreproperty category="repoSettings" systemKind="QC" type="BOOLEAN" value="true" name="ccf.direction.ship.attachments" labelName="ShipAttachments"  toolTip="Determines whether attachment should be shipped in that direction."/>
	<ccfcoreproperty category="repoSettings" systemKind="QC" type="STRING" value=" > " name="ccf.direction.package.release.separator" labelName="Package Release Separator" toolTip="Separator string used between file release package and file release title for building the package release human readable title, defaults to ' > '" />	
	<ccfcoreproperty category="repoSettings" systemKind="QC" type="BOOLEAN" direction="FORWARD" value="false" name="ccf.direction.tf.translate.technical.releaseids" labelName="Translate Technical ReleaseIds"  toolTip="If set to true, technical release ids (relxxx) are automatically translated into the human readable form.|Turning this setting on will have an performance impact because further SOAP calls have to be made." />
	<ccfcoreproperty category="repoSettings" systemKind="QC" type="BOOLEAN" direction="FORWARD" value="false" name="ccf.direction.tf.ship.planningfolder.humanreadablename" labelName="Ship PlanningFolder HumanReadableName"  toolTip="Determines whether to ship the human readable name of the assigned planning folder.|The name will contain the names of all parent planning folders, separated by the corresponding separator string.|Turning this setting on will have an performance impact because further SOAP calls have to be made."/>
	<ccfcoreproperty category="repoSettings" systemKind="QC" type="BOOLEAN" direction="FORWARD" value="false" name="ccf.direction.tf.ship.release.humanreadablename" labelName="Ship Release HumanReadableName" toolTip="Determines whether to ship the human readable name of the release fields, including the package name, separated by the corresponding separator string." />
	<ccfcoreproperty category="repoSettings" systemKind="QC" type="STRING" direction="FORWARD" value=" > " name="ccf.direction.tf.planningfolder.separator" labelName="PlanningFolder Separator" toolTip="Separator string used by building the planning folder human readable title, defaults to ' > '"/>
	<ccfcoreproperty category="coreSettings" systemKind="QC" type="INTEGER" direction="FORWARD" value="10485760" name="ccf.direction.tf.max.attachmentsize" labelName="Max Attachment Size" toolTip="Maximum attachment size that can be shipped for an artifact"/>	
	<ccfcoreproperty category="repoSettings" systemKind="QC" type="INTEGER" direction="REVERSE" value="0"	name="ccf.direction.qc.delaybefore.attachment.download" labelName="Delay Before Attachment Download" toolTip="Determines the waiting time in milliseconds before trying to download an attachment from Quality Center.|Increase this value if you encounter partially downloaded attachments." />
	<ccfcoreproperty category="coreSettings" systemKind="QC" type="INTEGER" direction="REVERSE" value="5" name="ccf.direction.qc.max.attachmentretrycount" labelName="Max Attachment Retry Count" toolTip="Maximum attachment retry count to ship an artifact incase of attachment upload still in progress and zero byte attachments."/>
	<ccfcoreproperty category="repoSettings" systemKind="QC" type="BOOLEAN" direction="REVERSE" value="true" name="ccf.direction.qc.releaseIdfields.containfilerelease.packagename" labelName="ReleaseIdFields Contain FileRelease PackageName"  toolTip="Determines whether the human readable release name that should be| translated into a technical release id,prepended by the file release package title.|Only used if translateTechnicalReleaseIds property is set to true."/>
	<ccfcoreproperty category="coreSettings" systemKind="QC" type="INTEGER" direction="REVERSE" value="10485760" name="ccf.direction.qc.max.attachmentsize" labelName="Max Attachment Size" toolTip="Maximum attachment size that can be shipped for an artifact"/>
	<ccfcoreproperty category="coreSettings" systemKind="QC" type="INTEGER" value="120000" name="ccf.direction.qc.max.retrywaitingtime" labelName="Quality Center Max Retry Waiting Time" toolTip="Determines the waiting time in milliseconds for participant before retrying an operation after network related timeouts."/>
	<ccfcoreproperty category="coreSettings" systemKind="QC" type="INTEGER" value="120000" name="ccf.direction.tf.max.retrywaitingtime" labelName="TeamForge Max Retry Waiting Time" toolTip="Determines the waiting time in milliseconds for TeamForge before retrying an operation after network related timeouts."/>
	<ccfcoreproperty category="repoSettings" systemKind="QC" type="BOOLEAN" value="false" name="ccf.direction.usealternativefieldname" labelName="Use Alternative FieldName"  toolTip="Enables hand written XSLT scripts to refer to QC display names during artifact transformation. If unsure about that feature, keep it turned off."/>
	<ccfcoreproperty category="coreSettings" systemKind="QC" type="BOOLEAN" direction="FORWARD" value="true" name="ccf.direction.tf.ignore.connectorupdates" labelName="Ignore Connector Updates" toolTip="Updates made by the connector itself will not be shipped to the other system by default to prevent infinite update loops. Should only be turned off if you exactly know what you are doing and should never be turned off for both directions."/>	
	<ccfcoreproperty category="coreSettings" systemKind="QC" type="BOOLEAN" direction="REVERSE" value="true" name="ccf.direction.qc.ignore.connectorupdates" labelName="Ignore Connector Updates" toolTip="Updates made by the connector itself will not be shipped to the other system by default to prevent infinite update loops. Should only be turned off if you exactly know what you are doing and should never be turned off for both directions."/>
	<ccfcoreproperty category="repoSettings" systemKind="QC" type="BOOLEAN" direction="REVERSE" value="false" name="ccf.direction.qc.translate.technical.releaseids" labelName="Translate Technical ReleaseIds"  toolTip="If set to true, human readable file release names are translated to technical release ids (relxxx).|Turning this setting on will have an performance impact because further SOAP calls have to be made." />
	<ccfcoreproperty category="coreSettings" systemKind="QC" type="BOOLEAN" direction="FORWARD" value="true" name="ccf.direction.tf.retrieve.parentInfo.forTrackerItems" labelName="Retrieve Parent Info For Tracker Items" toolTip="Determines whether parent information should be fetched for tracker items."/>
	<ccfcoreproperty category="repoSettings" systemKind="QC" type="BOOLEAN" direction="REVERSE" value="false" name="ccf.direction.qc.ignoresyncusernamefromattachment" labelName="Ignore Sync UserName From Attachment" toolTip="Determines whether attachment filename to be prefixed with sync username on attachment sync. By default the value is false."/>
	<ccfcoreproperty category="repoSettings" systemKind="QC" type="BOOLEAN" direction="FORWARD" value="false" name="ccf.direction.tf.preserve.bulkcommentorder" labelName="Preserve Bulk Comment Order" toolTip="Determines to preserve the bulk comment order received from TeamForge; by default set to false sorted by descending (latest comment at top) | When set to true, comments are sorted by ascending (latest comment at bottom)."/>
	
	
	<!-- SWP config properties -->
	<ccfcoreproperty category="coreSettings" systemKind="SWP" type="INTEGER" value="8"  name="ccf.direction.identityMapEventWaitCount" labelName="IdentityMapEvent WaitCount" toolTip="Determines how often an artifact is looked up in the identity mapping table before giving up.| Increase this value if you encounter problems with initial artifact resynch."/>
	<ccfcoreproperty category="coreSettings" systemKind="SWP" type="INTEGER" value="500"  name="ccf.direction.identityMapEventWaitTime" labelName="IdentityMapEven tWaitTime" toolTip="Determines how long(in milliseconds) to pause between identity mapping lookup requests | if corresponding artifact could not be found although artifact action was set to resynch.|Increase this value if you encounter problems with initial artifact resynch."/>
	<ccfcoreproperty category="coreSettings" systemKind="SWP" type="INTEGER" value="21600"  name="ccf.direction.autorestartperiod" labelName="Auto RestartPeriod" toolTip="Time (in seconds) before CCF Core restarts automatically to avoid integration driver memory leak and clear global caches."/>	
	<ccfcoreproperty category="coreSettings" systemKind="SWP" type="INTEGER" direction="FORWARD"  value="1000" name="ccf.direction.tf.sleepinterval" labelName="Sleep Interval" toolTip="Time to sleep (in milliseconds) before starting a new poll requests if no outstanding artifacts are in the synch queue."/>
	<ccfcoreproperty category="coreSettings" systemKind="SWP" type="INTEGER" direction="FORWARD" value="10485760" name="ccf.direction.tf.max.attachmentsize" labelName="Max Attachment Size" toolTip="Maximum attachment size that can be shipped for an artifact"/>	
	<ccfcoreproperty category="coreSettings" systemKind="SWP" type="INTEGER" direction="REVERSE"  value="250" name="ccf.direction.swp.sleepinterval" labelName="Sleep Interval" toolTip="Time to sleep (in milliseconds) before starting a new poll requests if no outstanding artifacts are in the synch queue."/>
	<ccfcoreproperty category="coreSettings" systemKind="SWP" type="INTEGER" direction="REVERSE" value="10485760" name="ccf.direction.swp.max.attachmentsize" labelName="Max Attachment Size" toolTip="Maximum attachment size that can be shipped for an artifact"/>
	<ccfcoreproperty category="coreSettings" systemKind="SWP" type="INTEGER" value="120000" name="ccf.direction.swp.max.retrywaitingtime" labelName="ScrumWorks Pro Max Retry Waiting Time" toolTip="Determines the waiting time in milliseconds for participant before retrying an operation after network related timeouts."/>
	<ccfcoreproperty category="coreSettings" systemKind="SWP" type="INTEGER" value="120000" name="ccf.direction.tf.max.retrywaitingtime" labelName="TeamForge Max Retry Waiting Time" toolTip="Determines the waiting time in milliseconds for TeamForge before retrying an operation after network related timeouts."/>
	<ccfcoreproperty category="coreSettings" systemKind="SWP" type="BOOLEAN" direction="FORWARD" value="true" name="ccf.direction.tf.ignore.connectorupdates" labelName="Ignore Connector Updates" toolTip="Updates made by the connector itself will not be shipped to the other system by default to prevent infinite update loops. Should only be turned off if you exactly know what you are doing and should never be turned off for both directions."/>	
	<ccfcoreproperty category="coreSettings" systemKind="SWP" type="BOOLEAN" direction="REVERSE" value="true" name="ccf.direction.swp.ignore.connectorupdates" labelName="Ignore Connector Updates" toolTip="Updates made by the connector itself will not be shipped to the other system by default to prevent infinite update loops. Should only be turned off if you exactly know what you are doing and should never be turned off for both directions."/>
	
</ccfCorePropertyList>